time,latitude,longitude,depth,mag,magType,nst,gap,dmin,rms,net,id,updated,place,type,horizontalError,depthError,magError,magNst,status,locationSource,magSource
2001-02-10T21:05:05.780Z,34.2895,-116.9458333,7.611,4.66,mw,92,23,0.05891,0.25,ci,ci9627721,2022-06-18T01:09:39.870Z,"6km NNW of Big Bear Lake, CA",earthquake,0.29,1.48,,6,reviewed,ci,ci
2001-07-17T12:07:26.100Z,36.0163333,-117.8743333,1.864,5.17,mw,39,37,,0.18,ci,ci9674049,2022-06-18T03:51:06.839Z,"7km ESE of Coso Junction, CA",earthquake,0.35,0.48,,6,reviewed,ci,ci
2001-07-17T12:59:59.170Z,36.017,-117.8823333,-0.706,4.93,mw,33,98,0.01132,0.2,ci,ci9674213,2022-08-09T07:28:30.582Z,"7km ESE of Coso Junction, CA",earthquake,0.43,0.78,,6,reviewed,ci,ci
2001-10-31T07:56:16.630Z,33.5083333,-116.5143333,13.678,5.02,mw,78,18.2,0.07467,0.26,ci,ci9718013,2022-06-18T04:25:16.624Z,"16km ESE of Anza, CA",earthquake,0.26,0.34,,6,reviewed,ci,ci
2001-12-08T23:36:10.110Z,31.9976667,-115.0016667,6.981,5.7,mw,12,261.5,0.6721,0.3,ci,ci9732601,2022-06-18T04:42:40.445Z,"22km S of Estacion Coahuila, B.C., MX",earthquake,4.65,28,,6,reviewed,ci,ci
2001-12-09T01:42:26.450Z,32.0035,-115.01,7.041,4.89,ml,11,260.7,0.6714,0.3,ci,ci9732973,2022-04-29T19:44:21.051Z,"21km S of Estacion Coahuila, B.C., MX",earthquake,2.99,20.17,0.668,130,reviewed,ci,ci
2002-02-22T19:32:41.750Z,32.3188333,-115.3215,7.007,5.7,mw,20,217.5,0.4751,0.38,ci,ci12456384,2022-05-02T15:45:48.377Z,"13km WSW of Delta, B.C., MX",earthquake,2.44,31.95,,0,reviewed,ci,ci
2002-03-16T21:33:23.820Z,33.666,-119.33,6.765,4.6,ml,39,122.5,0.4476,0.31,ci,ci12659440,2020-02-12T17:43:23.447Z,"33km NW of Santa Barbara Is., CA",earthquake,0.58,22.45,0.742,112,reviewed,ci,ci
2002-09-03T07:08:51.840Z,33.9123333,-117.7833333,9.371,4.78,ml,141,19,,0.31,ci,ci9818433,2022-06-18T05:32:07.750Z,"4km NE of Yorba Linda, CA",earthquake,0.18,0.39,0.185,166,reviewed,ci,ci
2002-10-29T14:16:54.080Z,34.8026667,-116.2665,3.67,4.77,ml,31,51.1,,0.2,ci,ci9854597,2022-06-18T05:52:07.684Z,"13km NW of Ludlow, CA",earthquake,0.32,0.54,0.543,130,reviewed,ci,ci
2002-12-10T21:04:00.690Z,32.2316667,-115.7981667,6.777,4.84,ml,21,218.5,,0.23,ci,ci13917260,2020-02-12T17:26:39.153Z,"44km SSW of Progreso, B.C., MX",earthquake,1.99,20.35,1.178,104,reviewed,ci,ci
2003-01-25T09:16:10.220Z,35.3175,-118.6538333,4.868,4.54,ml,55,44.8,0.1924,0.24,ci,ci9882329,2022-08-09T07:35:00.992Z,"20km NE of Arvin, CA",earthquake,0.27,23.57,0.983,130,reviewed,ci,ci
2003-02-07T10:34:04.830Z,31.6281667,-115.5106667,7.545,4.99,ml,19,268,1.034,0.27,ci,ci9886485,2022-06-18T06:27:21.715Z,"74km SSW of Alberto Oviedo Mota, B.C., MX",earthquake,3.92,5.05,0.949,125,reviewed,ci,ci
2003-02-22T12:19:10.920Z,34.312,-116.8448333,5.589,4.99,mw,93,35,,0.32,ci,ci13935988,2022-05-02T16:26:11.224Z,"6km N of Big Bear City, CA",earthquake,0.16,0.56,,6,reviewed,ci,ci
2003-02-22T19:33:45.800Z,34.3096667,-116.8503333,1.409,4.5,ml,89,17.8,,0.23,ci,ci13936812,2022-08-05T17:49:20.107Z,"5km N of Big Bear City, CA",earthquake,0.2,0.43,0.558,133,reviewed,ci,ci
2003-02-25T04:03:04.800Z,34.3155,-116.8445,1.099,4.61,ml,100,17.8,,0.27,ci,ci13938812,2020-02-12T17:18:13.363Z,"6km N of Big Bear City, CA",earthquake,0.19,0.46,0.943,132,reviewed,ci,ci
2003-03-11T19:28:17.910Z,34.3591667,-116.1331667,3.069,4.64,ml,69,32.2,,0.26,ci,ci13945908,2020-02-12T17:16:53.028Z,"25km NNW of Twentynine Palms, CA",earthquake,0.22,0.44,0.968,132,reviewed,ci,ci
2004-05-16T01:29:39.277Z,37.2798,-114.84,0,4.5,ml,7,227,0.21,0.1102,nn,nn00105745,2018-04-24T21:11:39.934Z,"30 km ESE of Alamo, Nevada",earthquake,,0,,,reviewed,nn,nn
2004-06-15T22:28:48.190Z,32.3428333,-117.9141667,9.824,4.98,mw,10,249,0.7503,0.79,ci,ci14065544,2020-05-02T01:23:29.284Z,"67km SE of San Clemente Is. (SE tip), CA",earthquake,3.45,31.61,,6,reviewed,ci,ci
2004-09-18T23:02:17.750Z,38.0095,-118.6785,3.355,5.4,mw,52,55,0.05045,0.08,nc,nc21396205,2022-08-08T22:11:30.657Z,"27 km NW of Benton, California",earthquake,0.2,0.6,,9,reviewed,nc,nc
2004-09-18T23:43:41.490Z,38.0233333,-118.658,0.431,5.35,mw,48,76,0.07117,0.07,nc,nc30500748,2022-05-02T17:27:26.590Z,"27 km NW of Benton, California",earthquake,0.21,2.84,,6,reviewed,nc,nc
2004-09-20T16:51:04.810Z,38.0276667,-118.6425,2.185,4.67,mw,49,65,0.06216,0.08,nc,nc21397068,2022-08-08T22:12:35.181Z,"27 km NNW of Benton, California",earthquake,0.18,0.6,,5,reviewed,nc,nc
2004-09-29T22:54:54.240Z,35.3898333,-118.6235,2.788,5.03,mw,71,18,,0.25,ci,ci14095628,2022-08-05T17:21:36.671Z,"25km SSW of Bodfish, California",earthquake,0.27,0.72,,6,reviewed,ci,ci
2004-10-09T03:45:48.680Z,37.9788333,-118.6588333,5.445,4.52,mw,47,67,0.04595,0.08,nc,nc21405798,2022-08-08T22:18:34.142Z,"23 km NW of Benton, California",earthquake,0.22,0.67,,4,reviewed,nc,nc
2005-03-02T11:12:57.420Z,34.715,-110.97,5,5.1,mb,30,55.1,,0.82,us,usp000dhc3,2022-06-18T10:04:00.283Z,"40 km SSW of Winslow West, Arizona",earthquake,,,,2,reviewed,us,us
2005-04-16T19:18:13.400Z,35.0223333,-119.191,9.288,4.59,mw,73,62,,0.35,ci,ci14138080,2022-05-02T17:55:21.942Z,"20km ESE of Maricopa, CA",earthquake,0.31,1.64,,6,reviewed,ci,ci
2005-06-12T15:41:46.520Z,33.5325,-116.5666667,13.051,5.2,mw,96,19,0.04319,0.21,ci,ci14151344,2022-09-07T22:13:56.526Z,"10km ESE of Anza, CA",earthquake,0.17,0.26,,0,reviewed,ci,ci
2005-06-16T20:53:26.020Z,34.058,-117.0113333,10.558,4.88,mw,149,18,,0.29,ci,ci14155260,2024-05-07T13:45:18.248Z,"4km NE of Yucaipa, CA",earthquake,0.21,0.46,,6,reviewed,ci,ci
2005-08-31T22:47:45.530Z,33.1663333,-115.6351667,4.003,4.63,ml,45,67,0.0198,0.27,ci,ci14178184,2020-06-27T04:47:30.746Z,"12km WNW of Calipatria, CA",earthquake,0.27,31.61,0.131,153,reviewed,ci,ci
2005-08-31T23:32:11.040Z,33.1896667,-115.603,4.267,4.57,ml,55,44,0.01613,0.4,ci,ci14178248,2020-06-27T04:48:10.189Z,"10km SW of Niland, CA",earthquake,0.5,0.75,0.142,170,reviewed,ci,ci
2005-09-02T01:27:18.610Z,33.1748333,-115.6311667,4.977,4.5,mh,60,32,0.01097,0.36,ci,ci12217067,2022-05-02T18:30:38.615Z,"12km WNW of Calipatria, CA",earthquake,0.49,0.78,,0,reviewed,ci,ci
2005-09-02T01:27:19.590Z,33.1533333,-115.6463333,1.207,5.08,mw,39,52,0.03525,0.33,ci,ci14179736,2021-02-18T19:24:46.862Z,"13km WNW of Calipatria, CA",earthquake,0.33,0.86,,6,reviewed,ci,ci
2005-09-22T20:24:48.620Z,35.0433333,-119.0143333,10.005,4.69,mw,107,18,,0.41,ci,ci14186612,2020-05-02T01:31:54.868Z,"14km NW of Grapevine, CA",earthquake,0.31,0.71,0.232,0,reviewed,ci,ci
2005-10-16T21:11:35.010Z,32.4545,-118.1633333,9.778,4.99,ml,20,244,0.6157,0.38,ci,ci10147909,2020-06-27T05:37:10.324Z,"44km SSE of San Clemente Is. (SE tip), CA",earthquake,1.44,31.61,0.111,386,reviewed,ci,ci
2006-05-24T04:20:26.010Z,32.3066667,-115.2278333,6.006,5.37,mw,21,263,0.4775,0.36,ci,ci12245763,2022-05-02T15:30:57.072Z,"6km SSW of Delta, B.C., MX",earthquake,1.86,31.61,0.221,0,reviewed,ci,ci
2006-11-03T15:56:43.050Z,32.676,-116.0481667,13.436,4.62,ml,48,145,0.04732,0.44,ci,ci10215753,2020-06-27T06:05:57.191Z,"8km SW of Ocotillo, CA",earthquake,0.48,0.64,0.173,378,reviewed,ci,ci
2007-06-12T07:23:43.130Z,37.5403333,-118.8675,7.94,4.6,mw,44,56,,0.06,nc,nc51182810,2020-08-15T03:52:37.390Z,"14km SE of Mammoth Lakes, CA",earthquake,0.21,0.4,,5,reviewed,nc,nc
2007-08-09T07:58:49.590Z,34.2995,-118.6195,7.062,4.66,ml,111,24,0.0442,0.3,ci,ci14312160,2022-08-05T16:52:58.088Z,"5km NNW of Chatsworth, CA",earthquake,0.24,1.05,0.177,355,reviewed,ci,ci
2007-09-02T17:29:14.790Z,33.7321667,-117.477,12.192,4.73,ml,136,54,,0.32,ci,ci10275733,2022-08-05T16:51:42.405Z,"13km NE of Trabuco Canyon, CA",earthquake,0.27,0.55,0.137,396,reviewed,ci,ci
2008-02-09T07:12:04.550Z,32.3595,-115.2773333,6.001,5.1,mw,31,222,0.467,1.4,ci,ci14346868,2022-08-05T16:45:21.149Z,"8km W of Delta, B.C., MX",earthquake,5.62,31.61,,6,reviewed,ci,ci
2008-02-11T18:29:30.530Z,32.3271667,-115.2568333,6.001,5.1,mw,28,228,0.5031,1.04,ci,ci14348196,2022-05-02T19:37:00.378Z,"7km WSW of Delta, B.C., MX",earthquake,4.91,31.61,,6,reviewed,ci,ci
2008-02-12T04:32:39.240Z,32.4475,-115.3175,6.018,4.97,mw,29,208,0.3731,0.44,ci,ci14348588,2022-05-02T19:36:57.520Z,"13km SSE of Puebla, B.C., MX",earthquake,1.47,31.61,,6,reviewed,ci,ci
2008-02-19T22:41:29.660Z,32.4325,-115.313,6.006,5.01,mw,32,210,0.3885,0.55,ci,ci14351140,2022-08-05T16:37:59.846Z,"14km NW of Delta, B.C., MX",earthquake,1.58,31.61,,6,reviewed,ci,ci
2008-02-20T01:28:55.450Z,32.4261667,-115.3063333,6.001,4.83,ml,33,212,0.3962,0.53,ci,ci14351300,2022-08-05T16:36:42.833Z,"13km NW of Delta, B.C., MX",earthquake,1.52,31.61,0.117,256,reviewed,ci,ci
2008-02-22T19:31:18.480Z,32.421,-115.2853333,6.001,4.78,ml,33,213,0.4067,0.46,ci,ci14352012,2022-08-05T16:35:35.233Z,"11km NW of Delta, B.C., MX",earthquake,1.21,31.61,0.117,233,reviewed,ci,ci
2008-02-22T19:33:52.140Z,32.3901667,-115.2698333,5.982,4.58,ml,18,263,0.4401,0.47,ci,ci12330895,2022-08-08T22:24:40.922Z,"8km WNW of Delta, B.C., MX",earthquake,1.46,31.61,0.218,40,reviewed,ci,ci
2008-07-29T18:42:15.670Z,33.9485,-117.7663333,15.503,5.44,mw,136,17,0.08724,0.3,ci,ci14383980,2024-08-07T11:03:56.451Z,"5km S of Chino Hills, CA",earthquake,0.19,0.52,,6,reviewed,ci,ci
2008-09-05T21:54:33.590Z,32.3468333,-115.2295,14.987,4.63,ml,26,225,0.4423,0.72,ci,ci10347253,2020-05-02T01:56:52.544Z,"4km WSW of Delta, B.C., MX",earthquake,2.4,31.61,0.118,245,reviewed,ci,ci
2008-11-20T19:23:00.190Z,32.3288333,-115.3318333,6.006,4.98,ml,29,228,0.4619,1.28,ci,ci14404512,2022-08-05T18:39:25.267Z,"13km WSW of Delta, B.C., MX",earthquake,4.32,31.61,0.129,246,reviewed,ci,ci
2008-12-06T04:18:42.850Z,34.8133333,-116.4188333,6.37,5.06,mw,48,65,0.07081,0.19,ci,ci14408052,2022-08-05T18:44:44.117Z,"26km WNW of Ludlow, CA",earthquake,0.21,0.78,,6,reviewed,ci,ci
2008-12-28T05:17:07.470Z,32.5681667,-115.5428333,10.01,4.52,ml,39,187,0.1748,0.91,ci,ci10368325,2022-08-05T19:00:02.720Z,"4km ESE of Progreso, B.C., MX",earthquake,2.92,31.61,0.15,375,reviewed,ci,ci
2009-03-24T11:55:43.930Z,33.3171667,-115.7281667,6.003,4.77,ml,77,37,0.03561,0.26,ci,ci14433456,2022-08-05T19:52:03.176Z,"4km S of Bombay Beach, CA",earthquake,0.28,1.34,0.127,346,reviewed,ci,ci
2009-05-18T03:39:36.340Z,33.9376667,-118.3356667,13.817,4.7,mw,123,44,,0.34,ci,ci10410337,2022-08-05T20:19:51.446Z,"2km E of Lennox, CA",earthquake,0.29,0.49,,0,reviewed,ci,ci
2009-05-23T22:58:32.940Z,36.3961667,-117.8376667,-0.64,4.73,ml,38,52,0.1564,0.25,ci,ci14462064,2022-08-05T20:28:36.698Z,"20km NE of Olancha, CA",earthquake,0.38,0.94,0.138,385,reviewed,ci,ci
2009-09-19T22:55:17.840Z,32.3706667,-115.2611667,9.987,5.08,mw,27,261,0.4352,0.42,ci,ci14512436,2022-08-05T21:59:53.916Z,"7km WNW of Delta, B.C., MX",earthquake,1.89,31.61,,5,reviewed,ci,ci
2009-10-01T10:01:24.670Z,36.3878333,-117.8586667,3.985,5,mw,34,49,0.1683,0.32,ci,ci14517500,2022-08-05T22:04:02.196Z,"18km NE of Olancha, CA",earthquake,0.49,31.61,,0,reviewed,ci,ci
2009-10-03T01:09:19.140Z,36.391,-117.8638333,0.7,4.74,ml,36,51,0.1665,0.26,ci,ci14519756,2022-08-05T22:14:38.857Z,"18km NE of Olancha, CA",earthquake,0.42,0.95,0.164,185,reviewed,ci,ci
2009-10-03T01:10:26.100Z,36.3863333,-117.8681667,1.688,4.85,ml,23,52,0.172,0.28,ci,ci14519764,2022-08-05T22:15:48.623Z,"17km NE of Olancha, CA",earthquake,0.37,31.61,0.135,372,reviewed,ci,ci
2009-10-03T01:16:00.310Z,36.391,-117.8608333,-1.77,5.19,mw,36,50,0.1658,0.33,ci,ci14519780,2022-08-05T22:11:26.331Z,"18km NE of Olancha, CA",earthquake,0.46,1.22,,6,reviewed,ci,ci
2009-10-03T05:31:57.720Z,36.39,-117.8635,0.08,4.66,ml,36,51,0.1674,0.25,ci,ci14520476,2022-08-05T22:15:38.376Z,"18km NE of Olancha, CA",earthquake,0.37,0.9,0.131,399,reviewed,ci,ci
2009-11-16T21:21:30.630Z,35.5485,-117.2745,1.248,4.6,ml,54,46,0.0771,0.23,ci,ci10497821,2022-08-05T22:59:20.974Z,"26km SSE of Trona, CA",earthquake,0.28,0.64,0.135,377,reviewed,ci,ci
2009-12-30T18:48:57.330Z,32.464,-115.1891667,5.971,5.8,mw,19,205,0.324,0.39,ci,ci14565620,2022-08-05T23:13:27.083Z,"12km N of Delta, B.C., MX",earthquake,1.83,31.61,,7,reviewed,ci,ci
2009-12-30T18:53:23.960Z,32.5323333,-115.2081667,5.986,4.77,ml,21,193,0.2792,0.34,ci,ci14565636,2020-07-07T22:05:21.405Z,"14km ESE of Puebla, B.C., MX",earthquake,1.75,31.61,0.12,302,reviewed,ci,ci
2010-03-30T09:14:10.460Z,31.276,-114.049,10,4.6,mb,38,160.6,,1.17,us,usp000ha4x,2014-11-07T01:41:06.521Z,"48 km W of Puerto Peñasco, Mexico",earthquake,,,,8,reviewed,us,us
2010-04-04T22:40:42.360Z,32.2861667,-115.2953333,9.987,7.2,mw,10,239,0.5137,0.11,ci,ci14607652,2024-02-25T07:12:55.588Z,"The 2010 Sierra El Mayor, B.C., Mexico Earthquake",earthquake,1.81,31.61,,0,reviewed,ci,ci
2010-04-04T22:43:00.430Z,32.4533333,-115.632,9.981,5.26,ml,16,239,0.3162,0.26,ci,ci10184394,2017-02-08T15:33:36.578Z,"15km SSW of Progreso, B.C., MX",earthquake,1,31.61,0.11,13,reviewed,ci,ci
2010-04-04T22:50:17.120Z,32.0986667,-115.0481667,10.011,5.7,mw,5,296,0.7811,0.33,ci,ci31957759,2022-05-02T21:51:30.725Z,"12km SSW of Estacion Coahuila, B.C., MX",earthquake,3.14,31.61,,4,reviewed,ci,ci
2010-04-04T23:09:40.110Z,32.204,-115.3328333,9.979,4.79,ml,9,284,0.6059,0.17,ci,ci14607820,2020-07-07T22:06:16.238Z,"16km W of Alberto Oviedo Mota, B.C., MX",earthquake,2.12,31.61,0.18,305,reviewed,ci,ci
2010-04-04T23:15:14.240Z,32.3,-115.2595,9.987,5.43,mw,8,254,0.4955,0.23,ci,ci14607836,2022-05-02T22:35:48.114Z,"9km SW of Delta, B.C., MX",earthquake,1.8,31.61,,4,reviewed,ci,ci
2010-04-04T23:17:13.080Z,32.2211667,-115.2906667,9.995,4.56,ml,8,259,0.5639,0.22,ci,ci10169094,2017-02-08T15:42:53.506Z,"11km W of Alberto Oviedo Mota, B.C., MX",earthquake,2.61,31.61,0.11,11,reviewed,ci,ci
2010-04-04T23:25:07.190Z,32.2661667,-115.2925,9.987,5.38,mw,10,278,0.5296,0.3,ci,ci14607924,2022-05-02T21:50:24.255Z,"12km WNW of Alberto Oviedo Mota, B.C., MX",earthquake,3.12,31.61,,6,reviewed,ci,ci
2010-04-04T23:37:33.490Z,32.4623333,-115.5978333,9.966,4.7,ml,22,244,0.2158,0.25,ci,ci14607972,2022-07-16T09:45:19.425Z,"13km S of Progreso, B.C., MX",earthquake,1.16,31.61,0.156,181,reviewed,ci,ci
2010-04-05T00:07:07.920Z,31.9788333,-115.1341667,9.994,5.22,ml,9,276,0.7555,0.38,ci,ci10148002,2022-05-12T17:54:17.835Z,"27km SSW of Estacion Coahuila, B.C., MX",earthquake,7.67,31.61,0.156,123,reviewed,ci,ci
2010-04-05T01:25:34.670Z,32.1445,-115.1148333,10.015,4.64,mw,9,302,0.7162,0.19,ci,ci30213759,2017-02-08T04:55:18.367Z,"11km SSE of Alberto Oviedo Mota, B.C., MX",earthquake,1.51,31.61,,0,reviewed,ci,ci
2010-04-05T01:52:25.420Z,32.5933333,-115.7733333,4.085,4.68,ml,35,195,0.1369,0.23,ci,ci14608980,2017-02-08T01:33:20.320Z,"18km W of Progreso, B.C., MX",earthquake,0.64,0.67,0.159,74,reviewed,ci,ci
2010-04-05T02:47:27.410Z,32.2851667,-115.3025,10.003,4.51,ml,15,239,0.5262,0.19,ci,ci30389759,2020-06-27T07:25:08.642Z,"13km SW of Delta, B.C., MX",earthquake,1.36,31.61,0.169,198,reviewed,ci,ci
2010-04-05T03:15:24.770Z,32.6465,-115.8055,1.243,4.96,ml,35,181,0.06681,0.21,ci,ci14609660,2022-08-06T00:44:45.402Z,"20km ESE of Ocotillo, CA",earthquake,0.71,0.9,0.142,178,reviewed,ci,ci
2010-04-05T11:14:14.890Z,32.6638333,-115.8088333,13.653,4.93,mw,37,160,0.07104,0.29,ci,ci14612516,2022-08-06T00:49:12.642Z,"19km ESE of Ocotillo, CA",earthquake,0.73,0.84,,0,reviewed,ci,ci
2010-04-05T13:33:05.360Z,32.6401667,-115.8018333,0.002,4.73,mw,36,188,0.06431,0.23,ci,ci14613212,2022-08-06T00:51:39.120Z,"21km ESE of Ocotillo, CA",earthquake,0.51,0.83,,6,reviewed,ci,ci
2010-04-06T01:23:00.820Z,32.2151667,-115.0715,9.994,4.51,ml,7,263,0.5276,0.4,ci,ci14616380,2022-08-06T01:07:25.178Z,"7km WNW of Estacion Coahuila, B.C., MX",earthquake,4.77,31.61,0.229,189,reviewed,ci,ci
2010-04-06T04:12:21.260Z,32.5936667,-115.7738333,3.983,4.56,ml,34,195,0.06844,0.23,ci,ci14617100,2022-08-06T01:01:32.477Z,"18km W of Progreso, B.C., MX",earthquake,0.45,0.53,0.132,174,reviewed,ci,ci
2010-04-06T08:12:23.620Z,31.8315,-115.0126667,9.961,4.67,ml,9,289,0.8188,0.16,ci,ci14618236,2022-08-06T01:08:26.750Z,"40km S of Estacion Coahuila, B.C., MX",earthquake,5.92,31.61,0.152,273,reviewed,ci,ci
2010-04-06T10:06:37.750Z,32.6651667,-115.8106667,1.733,4.51,ml,39,158,0.07283,0.23,ci,ci14618772,2022-08-06T01:06:22.600Z,"19km ESE of Ocotillo, CA",earthquake,0.46,0.67,0.13,209,reviewed,ci,ci
2010-04-08T16:44:25.010Z,32.1646667,-115.2683333,9.985,5.29,mw,20,249,0.4901,0.2,ci,ci10589037,2022-08-06T01:25:22.927Z,"12km SW of Alberto Oviedo Mota, B.C., MX",earthquake,1.52,31.61,,6,reviewed,ci,ci
2010-04-09T23:05:42.000Z,32.1818333,-115.245,12.267,4.7,mw,21,247,0.187,0.16,ci,ci10595133,2022-08-06T01:35:53.280Z,"9km SW of Alberto Oviedo Mota, B.C., MX",earthquake,1.16,1.37,,0,reviewed,ci,ci
2010-04-10T09:12:28.030Z,32.6753333,-115.7581667,9.715,4.5,mw,45,55,0.00853,0.2,ci,ci10597061,2022-08-06T01:44:56.777Z,"20km WNW of Progreso, B.C., MX",earthquake,0.35,0.52,,0,reviewed,ci,ci
2010-04-15T10:20:46.910Z,32.096,-115.0111667,16.603,4.73,mw,7,311,0.2135,0.08,ci,ci10612285,2022-08-06T01:57:32.842Z,"11km S of Estacion Coahuila, B.C., MX",earthquake,2.62,1.51,,6,reviewed,ci,ci
2010-04-22T17:12:13.050Z,32.6595,-115.8075,5.315,4.63,ml,40,125,0.0165,0.21,ci,ci10629477,2022-08-06T02:07:48.245Z,"19km ESE of Ocotillo, CA",earthquake,0.41,0.34,0.133,408,reviewed,ci,ci
2010-04-27T10:55:35.720Z,32.6921667,-115.8465,3.278,4.58,mw,43,56,0.02767,0.23,ci,ci14682004,2022-08-06T02:12:05.840Z,"14km ESE of Ocotillo, CA",earthquake,0.3,0.46,,6,reviewed,ci,ci
2010-05-04T11:26:32.050Z,32.2636667,-115.2866667,14.059,4.68,ml,21,224,0.1562,0.26,ci,ci14692836,2022-08-06T02:17:20.744Z,"12km WNW of Alberto Oviedo Mota, B.C., MX",earthquake,1.56,1.04,0.156,193,reviewed,ci,ci
2010-05-08T18:33:10.750Z,32.6815,-115.7971667,5.955,4.8,mw,54,97,0.02883,0.24,ci,ci10657533,2022-08-06T02:26:51.544Z,"19km ESE of Ocotillo, CA",earthquake,0.37,31.61,,0,reviewed,ci,ci
2010-05-08T18:46:27.460Z,32.6755,-115.8101667,2.383,4.69,mw,43,88,0.02652,0.18,ci,ci10657549,2022-08-06T02:27:59.474Z,"18km ESE of Ocotillo, CA",earthquake,0.32,0.52,,6,reviewed,ci,ci
2010-05-19T00:38:59.780Z,32.6601667,-115.8253333,8.913,4.53,mw,32,80,0.008128,0.18,ci,ci10671989,2022-08-06T02:41:01.008Z,"18km ESE of Ocotillo, CA",earthquake,0.55,0.61,,0,reviewed,ci,ci
2010-05-22T17:30:58.170Z,32.6168333,-115.7563333,8.073,4.9,mw,38,132,0.0411,0.17,ci,ci14718756,2022-08-06T02:47:40.828Z,"17km WNW of Progreso, B.C., MX",earthquake,0.54,0.69,,0,reviewed,ci,ci
2010-05-22T17:33:17.900Z,32.6243333,-115.7683333,7.493,4.6,mw,32,131,0.04329,0.14,ci,ci14718764,2022-08-06T02:48:48.318Z,"18km WNW of Progreso, B.C., MX",earthquake,0.56,0.76,,6,reviewed,ci,ci
2010-06-15T04:26:58.240Z,32.705,-115.9113333,8.756,5.71,mw,45,71,0.05832,0.2,ci,ci14745580,2022-08-06T03:17:33.097Z,"8km ESE of Ocotillo, CA",earthquake,0.41,0.83,,6,reviewed,ci,ci
2010-07-07T23:53:33.480Z,33.4173333,-116.4746667,12.318,5.42,mw,112,19,0.09786,0.23,ci,ci10736069,2022-08-06T03:46:43.497Z,"20km NNW of Borrego Springs, CA",earthquake,0.16,0.35,,7,reviewed,ci,ci
2010-09-14T10:52:18.000Z,32.0485,-115.1981667,9.939,4.96,mw,12,263,0.3808,0.21,ci,ci10798005,2022-08-06T04:31:31.041Z,"20km S of Alberto Oviedo Mota, B.C., MX",earthquake,1.95,31.61,,0,reviewed,ci,ci
2010-09-20T00:30:02.400Z,32.0261667,-115.1083333,9.939,4.75,mw,9,272,0.4261,0.22,ci,ci14844244,2022-08-06T04:33:34.490Z,"21km SSW of Estacion Coahuila, B.C., MX",earthquake,4.9,31.61,,0,reviewed,ci,ci
2010-11-04T19:39:59.550Z,32.8645,-115.9973333,13.146,4.57,ml,64,39,0.03251,0.25,ci,ci10832573,2022-08-06T04:49:34.854Z,"14km N of Ocotillo, CA",earthquake,0.26,0.58,0.146,196,reviewed,ci,ci
2010-12-11T12:52:26.310Z,32.1633333,-115.2638333,13.005,4.71,mw,13,250,0.2578,0.18,ci,ci14895612,2022-08-06T05:07:35.065Z,"11km SW of Alberto Oviedo Mota, B.C., MX",earthquake,2.48,1.12,,6,reviewed,ci,ci
2011-01-03T12:06:36.860Z,38.2471667,-112.3451667,11.09,4.56,ml,23,47,0.2414,0.23,uu,uu50419770,2019-06-28T18:48:46.938Z,"10 km NW of Circleville, Utah",earthquake,0.49,1.02,,12,reviewed,uu,uu
2011-01-26T00:11:28.000Z,31.236,-115.653,5,4.5,mb,55,181.9,,,us,usp000htnp,2016-03-14T20:12:39.979Z,"56 km ENE of Licenciado Gustavo Díaz Ordaz, Mexico",earthquake,,,,1,reviewed,ecx,us
2011-02-18T17:47:35.770Z,32.047,-115.0621667,14.929,5.09,mw,11,270,0.4246,0.26,ci,ci14937372,2022-08-06T05:49:00.680Z,"17km SSW of Estacion Coahuila, B.C., MX",earthquake,3.98,31.61,,7,reviewed,ci,ci
2011-02-20T19:34:39.980Z,32.0468333,-115.2518333,9.908,4.5,mw,5,310,0.3743,0.18,ci,ci14937988,2022-08-06T05:51:01.875Z,"22km SSW of Alberto Oviedo Mota, B.C., MX",earthquake,1.58,31.61,,0,reviewed,ci,ci
2012-02-14T10:09:28.440Z,32.1991667,-115.2085,9.963,4.87,mw,17,244,0.2344,0.31,ci,ci11066877,2022-08-06T09:07:43.490Z,"5km SW of Alberto Oviedo Mota, B.C., MX",earthquake,2.8,31.61,,0,reviewed,ci,ci
2012-07-01T03:25:20.450Z,32.2071667,-115.3431667,2.821,4.64,mw,10,187,0.2142,0.24,ci,ci11129826,2022-08-06T10:38:19.228Z,"16km W of Alberto Oviedo Mota, B.C., MX",earthquake,1.26,8.28,,0,reviewed,ci,ci
2012-07-01T06:36:06.350Z,32.2131667,-115.2886667,9.641,4.68,mw,14,189,0.2062,0.22,ci,ci11129914,2022-08-06T10:39:21.196Z,"11km W of Alberto Oviedo Mota, B.C., MX",earthquake,1.24,31.61,,6,reviewed,ci,ci
2012-08-26T19:20:04.810Z,33.0158333,-115.5363333,4.79,4.59,mw,23,87,0.03107,0.12,ci,ci15199593,2022-08-06T11:19:14.399Z,"4km N of Brawley, CA",earthquake,0.39,0.48,,6,reviewed,ci,ci
2012-08-26T19:31:23.040Z,33.0171667,-115.5536667,8.323,5.32,mw,56,73,0.03163,0.21,ci,ci15199681,2024-07-18T06:11:35.923Z,"5km NNW of Brawley, CA",earthquake,0.32,0.72,,6,reviewed,ci,ci
2012-08-26T19:33:01.090Z,33.0135,-115.5591667,4.387,4.89,mw,50,75,0.02933,0.17,ci,ci15199689,2022-08-06T11:21:19.970Z,"5km NW of Brawley, CA",earthquake,0.29,0.47,,6,reviewed,ci,ci
2012-08-26T20:57:58.220Z,33.0185,-115.5403333,8.283,5.41,mw,47,47,0.0329,0.16,ci,ci15200401,2022-08-06T11:24:11.594Z,"4km NNW of Brawley, CA",earthquake,0.3,0.66,,6,reviewed,ci,ci
2012-08-26T23:33:25.130Z,33.028,-115.5305,7.47,4.63,mw,62,82,0.04411,0.22,ci,ci15201537,2022-08-06T11:27:52.798Z,"6km N of Brawley, CA",earthquake,0.26,0.63,,6,reviewed,ci,ci
2012-08-27T04:41:37.000Z,33.0211667,-115.5195,4.17,4.93,mw,40,82,0.04196,0.21,ci,ci15202921,2022-08-06T11:29:09.816Z,"5km NNE of Brawley, CA",earthquake,0.42,0.64,,6,reviewed,ci,ci
2012-12-14T10:36:01.590Z,31.095,-119.66,13,6.3,mww,760,20.9,,1.29,us,usp000jwyb,2022-08-08T22:41:13.593Z,"279 km SSW of Avalon, California",earthquake,,,,,reviewed,us,us
2013-02-13T00:10:14.393Z,38.0222,-118.0553,7.5,5.1,ml,29,81.88,0.206,0.1391,nn,nn00402688,2022-08-06T13:35:55.840Z,"39 km N of Dyer, Nevada",earthquake,,2.6,0.33,4,reviewed,nn,nn
2013-03-11T16:56:06.060Z,33.5008333,-116.4581667,10.943,4.7,mh,110,16,0.03525,0.22,ci,ci15296281,2022-08-06T14:16:28.267Z,"21km ESE of Anza, CA",earthquake,0.14,0.32,,0,reviewed,ci,ci
2013-05-29T14:38:03.410Z,34.4061667,-119.9198333,7.12,4.8,mw,37,63,,0.44,ci,ci15350729,2022-08-06T15:58:27.420Z,"6km W of Isla Vista, CA",earthquake,0.46,1.56,,6,reviewed,ci,ci
2013-12-20T05:27:08.000Z,31.22,-115.908,6,4.8,mwr,,,,1.57,us,usc000lnnb,2022-08-06T20:30:17.704Z,"34 km ESE of San Vicente, Mexico",earthquake,,1.8,0.066,,reviewed,ecx,us
2014-03-05T02:24:23.350Z,31.3228,-119.4094,7.2,4.6,mb,,176,1.921,0.67,us,usb000n1b3,2022-08-06T22:04:10.564Z,"246 km SSW of Avalon, California",earthquake,,5,0.051,117,reviewed,us,us
2014-03-29T04:09:42.170Z,33.9325,-117.9158333,5.09,5.1,mw,321,9,0.01443,0.24,ci,ci15481673,2024-11-09T06:39:38.005Z,"2km NW of Brea, CA",earthquake,0.1,0.21,,6,reviewed,ci,ci
2014-06-29T04:59:35.390Z,32.5822,-109.1682,6.44,5.3,mww,,54,1.169,0.69,us,usc000rnfe,2022-07-26T18:29:21.204Z,"13 km SW of Franklin, Arizona",earthquake,,3.3,,,reviewed,us,us
2014-07-05T16:59:34.090Z,34.2823333,-117.0266667,7.25,4.58,mw,188,32,,0.23,ci,ci15520985,2022-08-07T00:30:25.199Z,"11km NE of Running Springs, CA",earthquake,0.12,0.28,,6,reviewed,ci,ci
2014-12-01T05:57:37.030Z,35.0423,-111.7276,5,4.7,mww,,23,0.555,0.99,us,usb000t1hf,2022-08-07T05:18:42.593Z,"6 km SSW of Kachina Village, Arizona",earthquake,3.5,1.8,,,reviewed,us,us
2015-02-09T01:45:03.110Z,31.5236667,-115.6743333,12.503,4.89,mw,6,134,0.5093,0.15,ci,ci37314320,2023-07-31T18:07:31.625Z,"87km ESE of Maneadero, B.C., MX",earthquake,0.78,31.61,,6,reviewed,ci,ci
2015-02-14T02:28:56.228Z,37.1418,-117.2618,17,4.8,ml,19,54.03,0.168,0.1919,nn,nn00482627,2020-05-02T03:32:22.257Z,"51 km WNW of Beatty, Nevada",earthquake,,1.3,0.28,6,reviewed,nn,nn
2015-05-22T18:47:42.980Z,37.2925,-114.6546,4,5.3,ml,32,109.36,0.335,0.159,nn,nn00495477,2022-05-03T18:27:15.534Z,"37 km SSW of Caliente, Nevada",earthquake,,1.9,0.22,11,reviewed,nn,nn
2016-02-16T23:04:26.910Z,37.2023333,-118.4035,15.06,4.77,mw,52,104,0.118,0.07,nc,nc72592670,2022-08-07T09:43:50.188Z,"8 km S of Wilkerson, California",earthquake,0.27,0.63,,6,reviewed,nc,nc
2016-02-24T00:02:23.630Z,35.5423333,-119.3728333,22.14,4.87,mw,84,37,0.295,0.29,ci,ci37528064,2022-04-27T00:50:53.226Z,"6km SSW of Wasco, CA",earthquake,0.24,0.65,,6,reviewed,ci,ci
2016-06-10T08:04:38.700Z,33.4315,-116.4426667,12.31,5.19,mw,143,18,0.09275,0.23,ci,ci37374687,2022-10-18T03:23:41.007Z,"20km NNW of Borrego Springs, CA",earthquake,0.13,0.34,,6,reviewed,ci,ci
2018-03-19T23:36:41.520Z,31.0935,-114.275,10,4.8,mwr,,111,0.497,0.84,us,us1000d760,2022-08-08T01:42:39.221Z,"54 km E of San Felipe, Mexico",earthquake,4.6,1.9,0.037,72,reviewed,us,us
2018-04-05T19:29:16.220Z,33.8198333,-119.734,9.82,5.29,mw,88,132,0.1935,0.27,ci,ci37908735,2022-09-08T17:02:07.740Z,"31km SW of Santa Cruz Is. (E end), CA",earthquake,0.32,31.61,,6,reviewed,ci,ci
2018-07-05T15:17:36.947Z,35.8945,-115.7758,8.6,4.5,ml,59,40.27,0.303,0.2678,nn,nn00642964,2019-07-05T14:26:17.112Z,"15 km WNW of Sandy Valley, Nevada",earthquake,,1.3,0.33,17,reviewed,nn,nn
2018-07-28T02:33:49.530Z,31.3986,-114.3941,10,4.8,mww,,76,0.531,1.1,us,us2000gft1,2022-08-08T06:35:20.440Z,"33 km SSE of Golfo de Santa Clara, Mexico",earthquake,5.4,1.9,0.055,32,reviewed,us,us
2018-11-19T20:18:42.510Z,32.2065,-115.2535,10.95,4.82,mw,29,149,0.2168,0.38,ci,ci38138175,2019-02-02T20:02:26.040Z,"8km WSW of Alberto Oviedo Mota, B.C., MX",earthquake,0.79,31.61,,6,reviewed,ci,ci
2019-04-20T14:41:49.179Z,31.3428,-115.6838,10,4.5,mww,,184,0.697,0.65,us,us700039mz,2019-06-26T20:55:01.040Z,"53 km E of San Vicente, Mexico",earthquake,2.4,2,0.069,20,reviewed,us,us
2019-07-04T17:33:49.000Z,35.7053333,-117.5038333,10.5,6.4,mw,62,47,0.1233,0.16,ci,ci38443183,2023-11-21T19:13:15.781Z,Ridgecrest Earthquake Sequence,earthquake,0.15,0.36,,6,reviewed,ci,ci
2019-07-04T18:39:44.440Z,35.6013333,-117.597,2.81,4.59,mw,48,39,0.1109,0.14,ci,ci38443607,2020-05-21T01:04:23.535Z,"7km ESE of Ridgecrest, CA",earthquake,0.13,0.43,,4,reviewed,ci,ci
2019-07-04T18:56:06.420Z,35.716,-117.56,1.92,4.58,mw,82,36,0.1041,0.17,ci,ci38443719,2020-05-21T01:06:05.310Z,"15km NE of Ridgecrest, CA",earthquake,0.09,0.21,,6,reviewed,ci,ci
2019-07-04T19:21:32.090Z,35.6715,-117.4788333,5.16,4.5,mw,79,24,0.08589,0.16,ci,ci38443871,2019-09-26T14:30:12.040Z,"13km SSW of Searles Valley, CA",earthquake,0.12,0.39,,4,reviewed,ci,ci
2019-07-05T11:07:53.040Z,35.7603333,-117.575,6.95,5.37,mw,79,43,0.05824,0.2,ci,ci38450263,2020-07-14T17:30:09.310Z,"16km W of Searles Valley, CA",earthquake,0.13,0.36,,6,reviewed,ci,ci
2019-07-06T03:16:32.480Z,35.7253333,-117.5535,0.88,4.97,mw,83,35,0.09705,0.19,ci,ci38457487,2020-04-05T23:26:37.030Z,"14km WSW of Searles Valley, CA",earthquake,0.13,0.31,,6,reviewed,ci,ci
2019-07-06T03:19:53.040Z,35.7695,-117.5993333,8,7.1,mw,77,43,0.04616,0.22,ci,ci38457511,2024-11-14T05:40:08.637Z,Ridgecrest Earthquake Sequence,earthquake,0.19,31.61,0.028,126,reviewed,ci,ci
2019-07-06T03:20:41.140Z,35.9496667,-117.7376667,9.28,4.81,mlr,13,93,0.06493,0.09,ci,ci37222196,2019-08-15T20:09:34.004Z,"15km E of Little Lake, CA",earthquake,0.23,0.45,0.162,11,reviewed,ci,ci
2019-07-06T03:22:03.570Z,35.9216667,-117.729,8.17,4.64,mlr,21,52,0.06897,0.15,ci,ci38457519,2019-11-15T17:23:05.605Z,"16km E of Little Lake, CA",earthquake,0.25,0.54,0.148,13,reviewed,ci,ci
2019-07-06T03:22:17.100Z,35.748,-117.5456667,3.9,4.55,mlr,22,70,0.07966,0.2,ci,ci37219484,2019-08-08T22:07:42.040Z,"13km W of Searles Valley, CA",earthquake,0.28,0.72,0.199,14,reviewed,ci,ci
2019-07-06T03:22:35.630Z,35.6166667,-117.4301667,9.35,4.73,mlr,7,180,0.03984,0.14,ci,ci37219500,2021-02-19T19:17:42.104Z,"17km S of Searles Valley, CA",earthquake,0.66,0.69,0.035,3,reviewed,ci,ci
2019-07-06T03:22:48.300Z,35.891,-117.7365,9.1,4.64,mlr,29,34,0.08543,0.16,ci,ci37219156,2019-11-15T17:17:41.338Z,"16km ESE of Little Lake, CA",earthquake,0.2,0.43,0.12,21,reviewed,ci,ci
2019-07-06T03:23:19.870Z,35.861,-117.6778333,6.82,4.52,mlr,13,85,0.07937,0.24,ci,ci37219468,2019-08-08T22:10:14.040Z,"22km ESE of Little Lake, CA",earthquake,0.47,1.03,0.143,6,reviewed,ci,ci
2019-07-06T03:23:50.720Z,35.8031667,-117.6178333,11.44,4.84,mlr,39,54,0.02074,0.23,ci,ci37219164,2019-11-15T17:26:02.971Z,"20km WNW of Searles Valley, CA",earthquake,0.26,0.53,0.174,52,reviewed,ci,ci
2019-07-06T03:25:27.970Z,35.8606667,-117.6708333,10.32,4.61,mlr,37,43,0.07456,0.2,ci,ci37219172,2019-09-26T14:30:25.040Z,"23km ESE of Little Lake, CA",earthquake,0.22,0.39,0.126,30,reviewed,ci,ci
2019-07-06T03:27:07.010Z,35.9138333,-117.7258333,8,4.5,mlr,27,56,0.07004,0.18,ci,ci37219180,2019-09-26T14:30:30.040Z,"16km E of Little Lake, CA",earthquake,0.27,0.56,0.181,20,reviewed,ci,ci
2019-07-06T03:27:11.370Z,35.5303333,-117.4313333,3.83,4.57,mlr,7,119,0.05475,0.1,ci,ci37219564,2019-09-06T17:32:11.137Z,"24km ESE of Ridgecrest, CA",earthquake,0.31,0.41,0.05,2,reviewed,ci,ci
2019-07-06T03:29:32.080Z,35.9028333,-117.7115,3.18,4.51,mlr,27,42,0.06696,0.15,ci,ci38457583,2019-11-15T17:37:47.310Z,"18km ESE of Little Lake, CA",earthquake,0.2,0.6,0.191,15,reviewed,ci,ci
2019-07-06T03:47:53.420Z,35.9011667,-117.7495,5.04,5.5,mw,49,33,0.07334,0.16,ci,ci38457687,2020-07-09T21:44:24.632Z,"15km ESE of Little Lake, CA",earthquake,0.13,0.5,,4,reviewed,ci,ci
2019-07-06T03:50:59.710Z,35.9035,-117.7001667,8.26,4.97,mlr,43,38,0.05997,0.17,ci,ci38457703,2019-11-15T18:09:02.473Z,"19km E of Little Lake, CA",earthquake,0.16,0.41,0.184,246,reviewed,ci,ci
2019-07-06T04:07:04.570Z,35.5551667,-117.5215,5.5,4.68,mlr,90,24,0.05757,0.23,ci,ci38457775,2020-03-02T22:19:38.728Z,"16km ESE of Ridgecrest, CA",earthquake,0.13,0.51,0.219,249,reviewed,ci,ci
2019-07-06T04:13:07.080Z,35.5846667,-117.6145,9.73,4.8,mlr,62,32,0.1185,0.18,ci,ci38457815,2019-11-15T18:23:14.307Z,"7km SE of Ridgecrest, CA",earthquake,0.13,0.36,0.165,229,reviewed,ci,ci
2019-07-06T04:18:55.790Z,35.9101667,-117.6848333,7.41,5.44,mw,66,37,0.07213,0.17,ci,ci38457847,2021-12-10T23:08:47.080Z,"20km E of Little Lake, CA",earthquake,0.12,0.36,,6,reviewed,ci,ci
2019-07-06T04:36:55.310Z,35.9,-117.7376667,1.9,4.85,mw,62,35,0.08153,0.17,ci,ci38457967,2020-03-05T21:00:31.509Z,"16km ESE of Little Lake, CA",earthquake,0.13,0.21,,5,reviewed,ci,ci
2019-07-06T06:01:51.800Z,35.911,-117.7385,4.99,4.63,mw,67,36,0.07482,0.14,ci,ci38458679,2019-11-15T18:54:44.787Z,"15km E of Little Lake, CA",earthquake,0.09,0.4,,4,reviewed,ci,ci
2019-07-06T08:32:57.550Z,35.639,-117.4913333,3.14,4.56,mw,83,24,0.05751,0.15,ci,ci38460311,2019-09-26T14:30:37.040Z,"16km SSW of Searles Valley, CA",earthquake,0.11,0.27,,6,reviewed,ci,ci
2019-07-06T09:28:28.980Z,35.898,-117.7271667,3.95,4.89,mw,67,37,0.0896,0.16,ci,ci38460967,2019-09-26T14:30:38.040Z,"17km ESE of Little Lake, CA",earthquake,0.13,0.38,,6,reviewed,ci,ci
2019-07-06T13:06:55.260Z,35.9283333,-117.705,2.37,4.5,mw,64,34,0.04844,0.16,ci,ci38463551,2019-09-26T14:30:42.040Z,"18km E of Little Lake, CA",earthquake,0.12,0.21,,6,reviewed,ci,ci
2019-07-06T23:50:41.990Z,35.8235,-117.663,6.51,4.5,mw,69,28,0.05379,0.14,ci,ci38469375,2019-09-26T14:30:48.040Z,"23km N of Ridgecrest, CA",earthquake,0.11,0.3,,6,reviewed,ci,ci
2019-07-07T05:38:15.480Z,35.7683333,-117.5781667,10.45,4.53,mw,77,44,0.04985,0.16,ci,ci38472279,2021-11-09T22:57:42.940Z,"16km W of Searles Valley, CA",earthquake,0.12,0.26,,6,reviewed,ci,ci
2019-07-11T00:14:37.320Z,36.1766667,-117.884,0.93,4.52,mw,71,51,0.06351,0.17,ci,ci38525207,2021-12-08T21:44:21.960Z,"16km NNE of Coso Junction, CA",earthquake,0.11,0.22,,6,reviewed,ci,ci
2019-07-12T13:11:37.990Z,35.6368333,-117.5861667,9.48,4.9,mw,103,16,0.02027,0.16,ci,ci38548295,2021-08-16T20:18:35.990Z,"8km ENE of Ridgecrest, CA",earthquake,0.09,0.18,,6,reviewed,ci,ci
2019-07-18T03:59:14.720Z,36.113,-117.8875,1.56,4.64,mw,78,54,0.02682,0.18,ci,ci38593535,2021-10-06T19:26:39.990Z,"9km NE of Coso Junction, CA",earthquake,0.12,0.26,,6,reviewed,ci,ci
2019-07-26T00:42:47.770Z,35.9258333,-117.7066667,3.79,4.74,mw,79,23,0.05071,0.16,ci,ci38644943,2021-10-05T21:47:07.220Z,"18km E of Little Lake, CA",earthquake,0.1,0.28,,6,reviewed,ci,ci
2019-08-22T20:49:50.180Z,35.9076667,-117.709,4.93,4.89,mw,78,20,0.007928,0.2,ci,ci38996632,2021-10-07T19:18:11.160Z,"18km E of Little Lake, CA",earthquake,0.12,0.28,,6,reviewed,ci,ci
2020-01-25T03:03:34.920Z,35.0975,-116.9696667,3.07,4.62,mw,46,33,0.2228,0.14,ci,ci39281440,2024-10-14T20:45:23.960Z,"23km NNE of Barstow, CA",earthquake,0.14,0.66,,6,reviewed,ci,ci
2020-03-07T03:52:03.180Z,31.6893333,-114.5405,9.98,5.49,mw,13,106,0.3208,0.35,ci,ci38385946,2020-12-29T17:53:39.882Z,"71km SE of Estacion Coahuila, B.C., MX",earthquake,0.78,31.61,,6,reviewed,ci,ci
2020-04-04T01:53:18.920Z,33.4895,-116.5063333,10.45,4.87,mw,175,23,0.07088,0.22,ci,ci39126079,2024-08-15T17:56:21.715Z,"17km ESE of Anza, CA",earthquake,0.1,0.27,,6,reviewed,ci,ci
2020-04-11T14:36:37.040Z,38.0525,-118.7333333,8.45,5.24,mw,46,97,0.268,0.06,nc,nc73367270,2022-03-28T03:36:16.858Z,"30km SE of Bodie, CA",earthquake,0.21,1.15,,4,reviewed,nc,nc
2020-04-11T16:22:50.940Z,38.0421667,-118.758,8.94,4.57,mw,62,89,0.2888,0.1,nc,nc73367575,2021-03-05T23:34:53.941Z,"29km SE of Bodie, CA",earthquake,0.19,1.08,,4,reviewed,nc,nc
2020-05-10T22:07:40.370Z,33.0183333,-116.0201667,10.16,4.54,mw,141,21,0.138,0.27,ci,ci38488354,2020-12-05T14:57:36.984Z,"17km SE of Ocotillo Wells, CA",earthquake,0.14,0.48,,6,reviewed,ci,ci
2020-05-15T11:03:27.176Z,38.1689,-117.8497,2.7,6.5,ml,27,55.79,0.357,0.2669,nn,nn00725272,2024-08-07T10:57:25.013Z,"Monte Cristo Range, NV Earthquake",earthquake,,2.1,,,reviewed,nn,nn
2020-05-15T11:18:12.392Z,38.1596,-117.9598,3.8,4.9,ml,14,47.97,0.314,0.178,nn,nn00725284,2020-08-02T00:31:44.040Z,"28 km SSE of Mina, Nevada",earthquake,,4.3,0.43,6,reviewed,nn,nn
2020-05-15T11:26:01.747Z,38.1811,-117.8711,6.8,5.1,ml,18,49,0.337,0.2335,nn,nn00725291,2020-08-02T00:31:42.040Z,"31 km SE of Mina, Nevada",earthquake,,8.6,0.42,10,reviewed,nn,nn
2020-05-15T11:52:07.184Z,38.1469,-117.9831,5.8,4.8,ml,17,43.51,0.316,0.1775,nn,nn00725306,2020-08-02T00:31:40.040Z,"29 km SSE of Mina, Nevada",earthquake,,2,0.4,8,reviewed,nn,nn
2020-05-15T12:00:41.572Z,38.1667,-117.8104,6.3,4.5,ml,17,47.15,0.38,0.1735,nn,nn00725312,2020-08-02T00:31:39.040Z,"36 km SE of Mina, Nevada",earthquake,,2.8,0.33,9,reviewed,nn,nn
2020-05-15T15:23:24.676Z,38.1667,-117.8006,7.6,4.8,ml,14,46.65,0.385,0.1628,nn,nn00725454,2020-08-02T00:31:20.040Z,"36 km SE of Mina, Nevada",earthquake,,4.3,0.32,6,reviewed,nn,nn
2020-05-15T17:50:16.941Z,38.173,-117.8295,5.8,4.7,ml,15,48.44,0.365,0.1766,nn,nn00725546,2021-04-23T20:19:13.254Z,"34 km SE of Mina, Nevada",earthquake,,3.5,0.28,7,reviewed,nn,nn
2020-05-16T04:12:21.434Z,38.1313,-117.9756,5,4.6,ml,28,43.49,0.333,0.263,nn,nn00726009,2020-08-02T00:30:33.040Z,"31 km SSE of Mina, Nevada",earthquake,,1.4,0.46,10,reviewed,nn,nn
2020-05-16T11:50:54.310Z,38.2118,-117.7347,16.8,4.6,ml,18,49.8,0.397,0.1743,nn,nn00726353,2021-02-10T17:41:27.152Z,"38 km ESE of Mina, Nevada",earthquake,,0.8,0.26,4,reviewed,nn,nn
2020-05-17T11:53:53.336Z,38.15,-117.9553,9.6,4.5,ml,26,51.9,0.012,0.2003,nn,nn00727244,2021-02-10T18:37:20.105Z,"29 km SSE of Mina, Nevada",earthquake,,0.8,0.5,9,reviewed,nn,nn
2020-05-17T21:17:02.474Z,38.1749,-117.8028,10.4,4.7,ml,24,46.81,0.056,0.1201,nn,nn00727561,2021-02-10T16:19:28.315Z,"35 km SE of Mina, Nevada",earthquake,,0.8,0.14,7,reviewed,nn,nn
2020-05-19T22:12:45.639Z,38.1755,-117.8535,8.1,4.6,ml,23,47.6,0.091,0.1864,nn,nn00728819,2021-02-10T16:52:07.942Z,"32 km SE of Mina, Nevada",earthquake,,1.7,0.38,10,reviewed,nn,nn
2020-05-20T12:36:53.447Z,38.2012,-117.7453,11.7,5,ml,20,49.32,0.128,0.1674,nn,nn00729332,2020-08-09T10:22:23.139Z,"38 km ESE of Mina, Nevada",earthquake,,1.3,0.1,4,reviewed,nn,nn
2020-05-22T00:22:00.588Z,38.2309,-117.7939,7.2,5.1,ml,31,47.16,0.092,0.1378,nn,nn00730721,2020-08-08T18:17:48.040Z,"32 km ESE of Mina, Nevada",earthquake,,1.4,0.44,11,reviewed,nn,nn
2020-06-04T01:32:11.140Z,35.6148333,-117.4281667,8.44,5.51,mw,85,45,0.0396,0.21,ci,ci39462536,2022-03-10T05:19:58.179Z,"17km S of Searles Valley, CA",earthquake,0.15,0.45,,6,reviewed,ci,ci
2020-06-08T03:24:05.884Z,38.2059,-117.7912,5.2,4.8,ml,32,32.66,0.041,0.174,nn,nn00744961,2020-08-18T17:59:04.040Z,"34 km SE of Mina, Nevada",earthquake,,1.1,0.46,9,reviewed,nn,nn
2020-06-19T20:42:21.454Z,38.1698,-117.8345,6.5,4.9,ml,21,50.72,0.03,0.1765,nn,nn00750312,2020-08-30T00:00:52.040Z,"34 km SE of Mina, Nevada",earthquake,,0.9,0.22,13,reviewed,nn,nn
2020-06-23T00:25:46.390Z,36.4466667,-117.984,2.26,4.65,mw,51,74,0.07783,0.22,ci,ci39490952,2021-02-13T00:11:34.391Z,"17km SSE of Lone Pine, CA",earthquake,0.19,0.83,,6,reviewed,ci,ci
2020-06-24T17:40:49.240Z,36.4468333,-117.9751667,4.66,5.8,mw,48,67,0.08494,0.19,ci,ci39493944,2024-04-11T05:23:04.532Z,"18km SSE of Lone Pine, CA",earthquake,0.18,0.66,,6,reviewed,ci,ci
2020-06-24T17:59:19.960Z,36.456,-117.9311667,9.62,4.59,mw,44,62,0.1212,0.19,ci,ci39494008,2020-09-05T17:35:16.040Z,"19km SE of Lone Pine, CA",earthquake,0.2,0.44,,6,reviewed,ci,ci
2020-06-30T09:24:23.549Z,38.1539,-117.9583,8.3,5,ml,28,44.32,0.015,0.2511,nn,nn00755218,2020-09-05T17:35:36.040Z,"29 km SSE of Mina, Nevada",earthquake,,0.9,0.28,7,reviewed,nn,nn
2020-07-06T06:12:54.847Z,38.1856,-117.8907,5.6,4.5,ml,30,48.55,0.028,0.157,nn,nn00757297,2020-09-11T22:14:19.040Z,"29 km SE of Mina, Nevada",earthquake,,0.7,0.33,10,reviewed,nn,nn
2020-08-10T15:56:14.330Z,33.2468333,-115.69,2.07,4.59,mw,86,40,0.08504,0.29,ci,ci39338407,2020-10-21T22:04:04.040Z,"12km SSE of Bombay Beach, CA",earthquake,0.21,31.61,,7,reviewed,ci,ci
2020-08-17T15:30:33.530Z,31.5366667,-115.6613333,16.22,5.12,mw,42,231,0.5267,0.34,ci,ci39347679,2022-06-16T17:48:57.262Z,"88km ESE of Maneadero, B.C., MX",earthquake,0.72,0.81,,6,reviewed,ci,ci
2020-08-17T15:31:39.571Z,31.4138,-115.7552,10,4.5,mb,,229,0.611,0.47,us,us6000bg04,2020-10-24T20:08:59.040Z,"47 km ENE of San Vicente, Mexico",earthquake,2.7,1.8,0.27,5,reviewed,us,us
2020-08-19T17:32:11.070Z,36.4786667,-117.5141667,-0.57,4.72,mw,53,48,0.2161,0.17,ci,ci39584648,2020-10-31T19:06:08.040Z,"36km WSW of Stovepipe Wells, CA",earthquake,0.15,0.45,,6,reviewed,ci,ci
2020-09-19T06:38:46.930Z,34.038,-118.08,16.87,4.54,mw,236,16,0.01273,0.25,ci,ci38695658,2024-10-31T23:30:50.778Z,"3km WSW of South El Monte, CA",earthquake,0.11,0.22,,6,reviewed,ci,ci
2020-10-01T00:31:27.280Z,33.0546667,-115.5906667,14.19,4.93,mw,92,46,0.01794,0.28,ci,ci39641528,2022-06-16T17:49:58.341Z,"4km NE of Westmorland, CA",earthquake,0.2,0.44,,7,reviewed,ci,ci
2020-11-13T09:13:51.862Z,38.1693,-117.8533,4.8,5.3,ml,34,38.45,0.016,0.1165,nn,nn00782942,2021-04-27T07:04:53.937Z,"33 km SE of Mina, Nevada",earthquake,,0.6,0.23,13,reviewed,nn,nn
2020-12-01T23:32:56.573Z,38.1637,-118.0837,5,5.1,ml,21,42.28,0.025,0.1986,nn,nn00787105,2021-02-06T18:29:35.040Z,"25 km S of Mina, Nevada",earthquake,,2.5,0.25,11,reviewed,nn,nn
2020-12-03T05:15:29.993Z,38.175,-118.0654,5,4.9,ml,30,41.69,0.018,0.1367,nn,nn00788443,2021-02-12T22:38:31.040Z,"24 km S of Mina, Nevada",earthquake,,0.8,0.25,13,reviewed,nn,nn
2020-12-12T07:50:52.930Z,38.1497,-118.1008,6.4,4.9,ml,30,43.01,0.04,0.1745,nn,nn00791435,2021-02-20T16:11:27.040Z,"26 km S of Mina, Nevada",earthquake,,1.1,0.2,13,reviewed,nn,nn
2020-12-14T21:20:10.831Z,38.1554,-118.1231,5.2,4.7,ml,33,42.76,0.056,0.1432,nn,nn00792158,2022-06-16T17:57:12.563Z,"26 km S of Mina, Nevada",earthquake,,1.8,0.51,12,reviewed,nn,nn
2021-03-31T08:56:25.940Z,32.3903333,-115.2498333,19.22,4.75,mw,54,71,0.05499,0.32,ci,ci39596135,2021-06-08T17:59:22.040Z,"7km NW of Delta, B.C., MX",earthquake,0.46,0.94,,6,reviewed,ci,ci
2021-06-05T17:55:58.820Z,33.14,-115.6348333,5.78,5.25,mw,84,33,0.04069,0.23,ci,ci39919392,2023-05-22T00:26:26.240Z,"11km W of Calipatria, CA",earthquake,0.17,0.41,,6,reviewed,ci,ci
2022-01-06T00:28:07.010Z,37.3338333,-117.9023333,9.5,4.75,mw,65,70,0.3206,0.1,nc,nc73674211,2022-03-12T22:19:11.040Z,"8km ESE of Deep Springs, CA",earthquake,0.22,0.57,,4,reviewed,nc,nc
2022-02-15T21:16:24.065Z,38.1814,-117.7833,4.1,4.7,ml,23,33.3,0.12,0.132,nn,nn00833903,2022-04-30T14:18:16.040Z,"36 km SE of Mina, Nevada",earthquake,,3.5,0.14,7,reviewed,nn,nn
2022-04-15T04:30:55.980Z,31.9305,-116.8925,14.51,4.53,mw,27,234,0.2038,0.23,ci,ci40236864,2023-04-27T17:29:58.320Z,"20km W of El Sauzal, B.C., MX",earthquake,0.8,1.06,,6,reviewed,ci,ci
2022-07-15T01:19:07.000Z,35.7091667,-117.5843333,6.3,4.58,mw,60,43,0.08708,0.19,ci,ci40063391,2022-12-06T04:12:22.000Z,"13km NE of Ridgecrest, CA",earthquake,0.13,0.47,,6,reviewed,ci,ci
2023-07-16T19:16:05.100Z,31.5663333,-114.4146667,5.97,4.57,mw,14,127,0.4826,0.33,ci,ci39614322,2023-09-28T21:33:31.040Z,"89km SE of Estacion Coahuila, B.C., MX",earthquake,0.53,31.61,,6,reviewed,ci,ci
2023-08-20T21:41:00.970Z,34.4085,-119.1883333,4.84,5.08,mw,115,27,0.05069,0.35,ci,ci39645386,2024-11-05T04:01:44.073Z,"7 km SE of Ojai, CA",earthquake,0.25,0.69,,6,reviewed,ci,ci
2023-12-01T07:43:27.480Z,32.7518333,-115.8728333,8.69,4.8,mw,95,29,0.1121,0.26,ci,ci39720706,2024-10-21T23:22:41.422Z,"11 km E of Ocotillo, CA",earthquake,0.17,0.56,,6,reviewed,ci,ci
2024-02-09T21:47:27.320Z,34.0575,-118.9076667,15.28,4.61,mw,139,120,0.0536,0.28,ci,ci40664632,2024-10-21T23:37:02.078Z,"11 km WNW of Malibu, CA",earthquake,0.23,0.28,,6,reviewed,ci,ci
2024-02-12T08:36:25.460Z,32.8135,-115.5735,17.93,4.81,mw,71,39,0.05943,0.34,ci,ci40666288,2024-09-09T23:14:28.778Z,"3 km NNW of El Centro, CA",earthquake,0.3,0.56,,6,reviewed,ci,ci
2024-02-12T08:42:48.620Z,32.7998333,-115.5655,15.76,4.56,mw,69,39,0.0541,0.3,ci,ci40666368,2024-09-09T23:45:12.994Z,"2 km NNW of El Centro, CA",earthquake,0.25,0.39,,6,reviewed,ci,ci
2024-05-12T18:22:42.200Z,32.4246667,-115.2405,8.49,4.86,mw,39,44,0.05479,0.38,ci,ci40746912,2024-09-09T23:11:15.711Z,"9 km NNW of Delta, B.C., MX",earthquake,0.4,1.1,,6,reviewed,ci,ci
2024-05-12T19:04:00.050Z,32.4115,-115.247,11.21,4.58,mw,38,44,0.0497,0.39,ci,ci40747088,2024-07-20T22:20:09.040Z,"8 km NW of Delta, B.C., MX",earthquake,0.43,1.02,,6,reviewed,ci,ci
2024-06-05T11:58:40.930Z,32.4225,-115.1796667,15.58,4.57,mw,37,55,0.06498,0.38,ci,ci40614823,2024-10-09T06:19:30.798Z,"8 km N of Delta, B.C., MX",earthquake,0.49,0.82,,6,reviewed,ci,ci
2024-07-29T20:00:52.590Z,34.9503333,-116.7866667,7.26,4.89,mw,53,57,0.1882,0.16,ci,ci40675215,2024-10-22T00:43:25.107Z,"22 km ENE of Barstow, CA",earthquake,0.14,0.72,,6,reviewed,ci,ci
2024-08-07T04:09:56.760Z,35.109,-119.097,11.6,5.22,mw,101,21,0.05144,0.26,ci,ci40865184,2024-11-20T04:20:09.898Z,"24 km SW of Lamont, CA",earthquake,0.19,0.78,,6,reviewed,ci,ci
2024-08-07T04:10:44.540Z,35.1088333,-119.115,11.98,4.6,ml,49,50,0.05627,0.24,ci,ci40865192,2024-10-24T17:56:51.040Z,"25 km SW of Lamont, CA",earthquake,0.22,0.79,0.118,30,reviewed,ci,ci
2024-09-12T14:28:21.610Z,34.0565,-118.8126667,11.35,4.69,mw,145,101,0.03238,0.29,ci,ci40731623,2024-11-21T14:38:34.572Z,"6 km N of Malibu, CA",earthquake,0.23,0.34,,6,reviewed,ci,ci
2024-10-25T08:05:08.290Z,36.6016667,-117.0911667,3.98,4.72,mw,35,146,0.3829,0.17,ci,ci40964128,2024-11-20T08:00:43.463Z,"5 km E of Stovepipe Wells, CA",earthquake,0.31,31.61,,6,reviewed,ci,ci
2024-10-25T15:04:23.620Z,36.5508333,-117.056,4.58,4.54,ml,34,147,0.5094,0.16,ci,ci40964384,2024-11-16T20:12:30.928Z,"10 km SE of Stovepipe Wells, CA",earthquake,0.26,31.61,0.109,15,reviewed,ci,ci
